{"send_times": {"1": {"time": 1731253684.847821, "attempts": 2}, "2": {"time": 1731253685.039299, "attempts": 2}, "3": {"time": 1731253685.2020736, "attempts": 2}, "4": {"time": 1731253685.2677338, "attempts": 2}, "5": {"time": 1731253685.4069502, "attempts": 2}, "6": {"time": 1731253685.5084383, "attempts": 2}, "0": {"time": 1731253688.8521082, "attempts": 1}, "7": {"time": 1731253692.9964864, "attempts": 2}, "8": {"time": 1731253693.0543509, "attempts": 2}, "9": {"time": 1731253693.2043936, "attempts": 2}, "10": {"time": 1731253693.3324423, "attempts": 2}, "11": {"time": 1731253693.5094519, "attempts": 2}, "12": {"time": 1731253693.6664298, "attempts": 2}, "13": {"time": 1731253693.823932, "attempts": 2}, "14": {"time": 1731253698.1885552, "attempts": 2}, "15": {"time": 1731253698.2851145, "attempts": 2}, "16": {"time": 1731253698.3994176, "attempts": 1}, "17": {"time": 1731253698.5725288, "attempts": 2}, "18": {"time": 1731253698.7712722, "attempts": 2}, "19": {"time": 1731253698.9338424, "attempts": 2}, "20": {"time": 1731253699.1320372, "attempts": 1}, "21": {"time": 1731253702.3904889, "attempts": 2}, "22": {"time": 1731253702.492332, "attempts": 2}, "24": {"time": 1731253702.7465498, "attempts": 4}, "25": {"time": 1731253702.8732636, "attempts": 5}, "26": {"time": 1731253703.057143, "attempts": 4}, "27": {"time": 1731253703.1835017, "attempts": 3}, "28": {"time": 1731253708.818187, "attempts": 3}, "29": {"time": 1731253708.934062, "attempts": 4}, "23": {"time": 1731253712.390246, "attempts": 1}, "30": {"time": 1731253717.2570705, "attempts": 2}, "31": {"time": 1731253720.5591063, "attempts": 2}, "32": {"time": 1731253720.746688, "attempts": 2}, "33": {"time": 1731253720.8526475, "attempts": 2}, "34": {"time": 1731253721.0130253, "attempts": 2}, "35": {"time": 1731253721.1769192, "attempts": 2}, "36": {"time": 1731253721.2780025, "attempts": 2}, "37": {"time": 1731253721.333767, "attempts": 1}, "39": {"time": 1731253725.9588988, "attempts": 3}, "41": {"time": 1731253726.1855893, "attempts": 3}, "42": {"time": 1731253726.3496575, "attempts": 3}, "43": {"time": 1731253726.5078347, "attempts": 3}, "44": {"time": 1731253726.6748695, "attempts": 3}, "38": {"time": 1731253729.9853017, "attempts": 2}, "40": {"time": 1731253730.2428577, "attempts": 2}, "45": {"time": 1731253734.2390094, "attempts": 2}, "46": {"time": 1731253734.309069, "attempts": 2}, "47": {"time": 1731253734.4646616, "attempts": 2}, "48": {"time": 1731253734.576834, "attempts": 2}, "49": {"time": 1731253734.7539392, "attempts": 2}, "50": {"time": 1731253734.905847, "attempts": 2}, "51": {"time": 1731253735.0560355, "attempts": 2}, "52": {"time": 1731253739.971231, "attempts": 2}, "53": {"time": 1731253740.0959983, "attempts": 2}, "54": {"time": 1731253740.2049816, "attempts": 2}, "55": {"time": 1731253740.4030063, "attempts": 2}, "56": {"time": 1731253740.488946, "attempts": 2}, "57": {"time": 1731253740.6837673, "attempts": 2}, "58": {"time": 1731253740.8324516, "attempts": 2}, "59": {"time": 1731253743.9829087, "attempts": 2}, "60": {"time": 1731253744.0801294, "attempts": 1}, "61": {"time": 1731253744.2023523, "attempts": 2}, "63": {"time": 1731253744.4841528, "attempts": 3}, "64": {"time": 1731253744.6741405, "attempts": 3}, "65": {"time": 1731253744.7748985, "attempts": 3}, "62": {"time": 1731253746.3901427, "attempts": 2}, "66": {"time": 1731253750.7757335, "attempts": 3}, "67": {"time": 1731253750.948857, "attempts": 2}, "68": {"time": 1731253751.1279101, "attempts": 2}, "69": {"time": 1731253754.6660275, "attempts": 3}, "70": {"time": 1731253754.7712033, "attempts": 3}, "71": {"time": 1731253754.854386, "attempts": 3}, "72": {"time": 1731253754.929888, "attempts": 3}, "73": {"time": 1731253759.0085535, "attempts": 2}, "74": {"time": 1731253759.128166, "attempts": 3}, "75": {"time": 1731253759.3156602, "attempts": 2}, "77": {"time": 1731253763.343279, "attempts": 3}, "79": {"time": 1731253763.724289, "attempts": 4}, "76": {"time": 1731253767.0905783, "attempts": 1}, "81": {"time": 1731253767.709503, "attempts": 2}, "82": {"time": 1731253767.87248, "attempts": 3}, "78": {"time": 1731253771.1307936, "attempts": 2}, "80": {"time": 1731253771.4562852, "attempts": 2}, "84": {"time": 1731253772.012559, "attempts": 4}, "83": {"time": 1731253775.3250508, "attempts": 3}, "85": {"time": 1731253775.5837078, "attempts": 3}, "86": {"time": 1731253775.7320638, "attempts": 3}, "87": {"time": 1731253775.8232322, "attempts": 3}, "88": {"time": 1731253775.9327912, "attempts": 3}, "90": {"time": 1731253783.3887408, "attempts": 3}, "91": {"time": 1731253783.4906378, "attempts": 3}, "92": {"time": 1731253783.684732, "attempts": 4}, "93": {"time": 1731253783.7522342, "attempts": 3}, "94": {"time": 1731253783.950785, "attempts": 4}, "89": {"time": 1731253787.3085413, "attempts": 2}, "95": {"time": 1731253787.9074175, "attempts": 3}, "96": {"time": 1731253796.031695, "attempts": 2}, "97": {"time": 1731253796.0831742, "attempts": 2}, "98": {"time": 1731253800.0260615, "attempts": 2}, "99": {"time": 1731253800.220741, "attempts": 2}}}