{"receive_times": {"0": 1731253688.9410925, "1": 1731253689.1233895, "2": 1731253689.3457136, "3": 1731253689.4439006, "4": 1731253689.7119224, "5": 1731253689.776931, "6": 1731253689.8421824, "7": 1731253693.141765, "8": 1731253693.269239, "9": 1731253693.4255252, "10": 1731253693.5094519, "11": 1731253693.6370144, "12": 1731253693.7220368, "13": 1731253693.9451957, "14": 1731253698.2808845, "15": 1731253698.3743427, "16": 1731253698.5145447, "17": 1731253698.675882, "18": 1731253698.8567452, "19": 1731253699.0317168, "20": 1731253699.2462628, "21": 1731253702.5282404, "22": 1731253702.691221, "23": 1731253712.5801296, "24": 1731253716.5785472, "25": 1731253716.64065, "26": 1731253716.873319, "27": 1731253717.0367606, "28": 1731253717.1993916, "29": 1731253717.310556, "30": 1731253717.367151, "31": 1731253720.746688, "32": 1731253720.8556652, "33": 1731253720.9163232, "34": 1731253721.1566548, "35": 1731253721.2317536, "36": 1731253721.3288295, "37": 1731253721.4493215, "38": 1731253730.118975, "39": 1731253730.3038032, "40": 1731253730.501301, "41": 1731253730.5743206, "42": 1731253730.6354454, "43": 1731253730.914761, "44": 1731253731.0437708, "45": 1731253734.3458583, "46": 1731253734.4186165, "47": 1731253734.6493979, "48": 1731253734.7362185, "49": 1731253734.8865645, "50": 1731253734.95936, "51": 1731253735.2145705, "52": 1731253740.1577797, "53": 1731253740.2378414, "54": 1731253740.3428175, "55": 1731253740.583742, "56": 1731253740.6995757, "57": 1731253740.7994628, "58": 1731253740.894758, "59": 1731253744.1617377, "60": 1731253744.2864234, "61": 1731253744.4184067, "62": 1731253746.4798248, "63": 1731253746.717451, "64": 1731253746.8891075, "65": 1731253747.070397, "66": 1731253750.8838263, "67": 1731253751.0102003, "68": 1731253751.216624, "69": 1731253754.943553, "70": 1731253755.0913672, "71": 1731253755.2202554, "72": 1731253755.2768798, "73": 1731253759.0631328, "74": 1731253759.1913495, "75": 1731253759.4830472, "76": 1731253767.14767, "77": 1731253767.387315, "78": 1731253771.2912881, "79": 1731253771.3979268, "80": 1731253771.5785973, "81": 1731253771.7286215, "82": 1731253779.236995, "83": 1731253779.451711, "84": 1731253779.6380448, "85": 1731253779.6904578, "86": 1731253779.8005772, "87": 1731253779.8785403, "88": 1731253780.0731175, "89": 1731253787.57439, "90": 1731253787.6971703, "91": 1731253791.602377, "92": 1731253791.7618585, "93": 1731253791.9197853, "94": 1731253792.0736334, "95": 1731253792.2341068, "96": 1731253796.3576114, "97": 1731253796.531207, "98": 1731253800.2424614, "99": 1731253800.3219893}}