{"send_times": {"1": {"time": 1731253684.808504, "attempts": 2}, "2": {"time": 1731253684.9352458, "attempts": 2}, "3": {"time": 1731253685.0868335, "attempts": 2}, "4": {"time": 1731253685.2452765, "attempts": 2}, "5": {"time": 1731253685.3303032, "attempts": 2}, "6": {"time": 1731253685.4321318, "attempts": 2}, "0": {"time": 1731253688.7391117, "attempts": 1}, "7": {"time": 1731253692.9333174, "attempts": 2}, "8": {"time": 1731253692.9991498, "attempts": 2}, "9": {"time": 1731253693.1899292, "attempts": 2}, "10": {"time": 1731253693.2564824, "attempts": 2}, "11": {"time": 1731253693.4398217, "attempts": 2}, "13": {"time": 1731253693.561068, "attempts": 3}, "12": {"time": 1731253694.315995, "attempts": 2}, "14": {"time": 1731253698.2942958, "attempts": 3}, "15": {"time": 1731253698.4866612, "attempts": 3}, "16": {"time": 1731253698.6628006, "attempts": 3}, "17": {"time": 1731253698.8111858, "attempts": 2}, "18": {"time": 1731253698.9394727, "attempts": 3}, "19": {"time": 1731253702.8231027, "attempts": 2}, "20": {"time": 1731253702.886527, "attempts": 3}, "21": {"time": 1731253706.4735248, "attempts": 2}, "22": {"time": 1731253706.6610138, "attempts": 2}, "23": {"time": 1731253706.7183592, "attempts": 2}, "24": {"time": 1731253706.9076629, "attempts": 1}, "25": {"time": 1731253706.9863973, "attempts": 2}, "26": {"time": 1731253710.2723873, "attempts": 2}, "27": {"time": 1731253710.384133, "attempts": 2}, "28": {"time": 1731253710.4903703, "attempts": 2}, "29": {"time": 1731253710.622586, "attempts": 2}, "30": {"time": 1731253710.7201087, "attempts": 2}, "31": {"time": 1731253710.7875292, "attempts": 2}, "32": {"time": 1731253710.9705276, "attempts": 2}, "33": {"time": 1731253716.7145312, "attempts": 2}, "34": {"time": 1731253716.903723, "attempts": 2}, "35": {"time": 1731253717.0993037, "attempts": 2}, "36": {"time": 1731253717.2401311, "attempts": 2}, "37": {"time": 1731253717.2968435, "attempts": 2}, "38": {"time": 1731253717.3883364, "attempts": 2}, "39": {"time": 1731253720.780781, "attempts": 2}, "40": {"time": 1731253720.848052, "attempts": 1}, "41": {"time": 1731253721.0142844, "attempts": 2}, "42": {"time": 1731253721.1097395, "attempts": 2}, "43": {"time": 1731253721.2636724, "attempts": 2}, "44": {"time": 1731253721.3477583, "attempts": 2}, "45": {"time": 1731253721.4860365, "attempts": 2}, "46": {"time": 1731253726.534734, "attempts": 1}, "47": {"time": 1731253726.622456, "attempts": 2}, "48": {"time": 1731253726.8069592, "attempts": 2}, "49": {"time": 1731253726.9093022, "attempts": 2}, "50": {"time": 1731253727.1026201, "attempts": 2}, "51": {"time": 1731253727.240992, "attempts": 2}, "52": {"time": 1731253727.4290721, "attempts": 2}, "53": {"time": 1731253730.6726825, "attempts": 2}, "54": {"time": 1731253730.8188527, "attempts": 2}, "55": {"time": 1731253730.9811897, "attempts": 2}, "56": {"time": 1731253731.154688, "attempts": 2}, "57": {"time": 1731253731.2550871, "attempts": 2}, "58": {"time": 1731253731.39372, "attempts": 2}, "59": {"time": 1731253731.4767702, "attempts": 2}, "60": {"time": 1731253736.583351, "attempts": 2}, "61": {"time": 1731253736.7511356, "attempts": 2}, "63": {"time": 1731253737.1087527, "attempts": 3}, "64": {"time": 1731253737.1816585, "attempts": 3}, "65": {"time": 1731253737.3675883, "attempts": 2}, "66": {"time": 1731253737.5200493, "attempts": 2}, "62": {"time": 1731253740.7313306, "attempts": 2}, "68": {"time": 1731253741.4588513, "attempts": 3}, "67": {"time": 1731253744.5956984, "attempts": 2}, "69": {"time": 1731253744.7651536, "attempts": 3}, "70": {"time": 1731253744.8764637, "attempts": 3}, "71": {"time": 1731253745.015027, "attempts": 3}, "72": {"time": 1731253745.0808132, "attempts": 3}, "73": {"time": 1731253745.1674297, "attempts": 3}, "74": {"time": 1731253749.3815303, "attempts": 2}, "75": {"time": 1731253752.854204, "attempts": 2}, "76": {"time": 1731253752.9348981, "attempts": 2}, "77": {"time": 1731253753.0791643, "attempts": 2}, "78": {"time": 1731253753.2593927, "attempts": 2}, "79": {"time": 1731253753.3725605, "attempts": 2}, "80": {"time": 1731253753.5391219, "attempts": 2}, "81": {"time": 1731253756.326844, "attempts": 2}, "82": {"time": 1731253759.8383567, "attempts": 2}, "83": {"time": 1731253759.953723, "attempts": 2}, "84": {"time": 1731253760.087549, "attempts": 1}, "85": {"time": 1731253760.2816577, "attempts": 2}, "86": {"time": 1731253760.4405818, "attempts": 1}, "87": {"time": 1731253760.5864394, "attempts": 2}, "89": {"time": 1731253763.9716382, "attempts": 3}, "90": {"time": 1731253764.08799, "attempts": 3}, "91": {"time": 1731253764.17519, "attempts": 3}, "92": {"time": 1731253764.2566545, "attempts": 3}, "93": {"time": 1731253764.4158478, "attempts": 3}, "94": {"time": 1731253764.486011, "attempts": 4}, "88": {"time": 1731253765.4912546, "attempts": 2}, "95": {"time": 1731253773.8691978, "attempts": 2}, "96": {"time": 1731253773.9339616, "attempts": 1}, "97": {"time": 1731253774.1122527, "attempts": 2}, "98": {"time": 1731253774.2853491, "attempts": 2}, "99": {"time": 1731253774.3804336, "attempts": 2}}}