{"receive_times": {"0": 1731253688.7997127, "1": 1731253688.9981165, "2": 1731253689.181689, "3": 1731253689.3949442, "4": 1731253689.4769654, "5": 1731253689.6394722, "6": 1731253689.7602587, "7": 1731253692.9991498, "8": 1731253693.093846, "9": 1731253693.3384705, "10": 1731253693.4734657, "11": 1731253693.651881, "12": 1731253694.7799022, "13": 1731253694.8754697, "14": 1731253698.4720368, "15": 1731253698.666142, "16": 1731253698.7851977, "17": 1731253698.9294295, "18": 1731253699.1173015, "19": 1731253703.0551288, "20": 1731253703.1694796, "21": 1731253706.636745, "22": 1731253706.7128232, "23": 1731253706.9188764, "24": 1731253707.090291, "25": 1731253707.1553965, "26": 1731253710.4678903, "27": 1731253710.5461252, "28": 1731253710.7128005, "29": 1731253710.8062537, "30": 1731253710.9448063, "31": 1731253711.1254115, "32": 1731253711.2498538, "33": 1731253716.7920508, "34": 1731253716.9649074, "35": 1731253717.1921575, "36": 1731253717.4075818, "37": 1731253717.504545, "38": 1731253717.6912653, "39": 1731253720.9607787, "40": 1731253721.0265112, "41": 1731253721.1544344, "42": 1731253721.2359314, "43": 1731253721.3477583, "44": 1731253721.5160446, "45": 1731253721.6663363, "46": 1731253726.618743, "47": 1731253726.777414, "48": 1731253726.9739985, "49": 1731253727.0253227, "50": 1731253727.185403, "51": 1731253727.3765104, "52": 1731253727.4887273, "53": 1731253730.7246585, "54": 1731253730.9639242, "55": 1731253731.0926847, "56": 1731253731.206181, "57": 1731253731.3079908, "58": 1731253731.5835676, "59": 1731253731.781472, "60": 1731253736.6609664, "61": 1731253736.870548, "62": 1731253740.8993871, "63": 1731253741.029584, "64": 1731253741.0814424, "65": 1731253741.200381, "66": 1731253741.339213, "67": 1731253744.743628, "68": 1731253748.9059918, "69": 1731253749.0467281, "70": 1731253749.1921635, "71": 1731253749.3366144, "72": 1731253749.4467814, "73": 1731253749.5968, "74": 1731253749.7298107, "75": 1731253752.9348981, "76": 1731253753.0552814, "77": 1731253753.1955094, "78": 1731253753.4427752, "79": 1731253753.6420178, "80": 1731253753.7934587, "81": 1731253756.6667325, "82": 1731253759.9108026, "83": 1731253760.0841634, "84": 1731253760.1831894, "85": 1731253760.4638953, "86": 1731253760.6337218, "87": 1731253760.7796803, "88": 1731253765.6322353, "89": 1731253765.8755403, "90": 1731253765.945006, "91": 1731253766.0240407, "92": 1731253766.0860684, "93": 1731253770.3853006, "94": 1731253770.5659049, "95": 1731253774.1552768, "96": 1731253774.2574751, "97": 1731253774.340176, "98": 1731253774.456119, "99": 1731253774.5511334}}